district,C_TOT24,C_HSP24,C_NHS24,C_WHT24,C_BLA24,C_AMI24,C_ASI24,C_NHP24,C_2OM24,C_BLW24,C_AIW24,C_ASW24,C_AIB24,C_AIA24,C_ASN24,C_BLK24,CVAP_TOT24,CVAP_HSP24,CVAP_NHS24,CVAP_WHT24,CVAP_BLA24,CVAP_AMI24,CVAP_ASI24,CVAP_NHP24,CVAP_2OM24,CVAP_BLW24,CVAP_AIW24,CVAP_ASW24,CVAP_AIB24,CVAP_AIA24,CVAP_ASN24,CVAP_BLK24
1,542816,33363,509453,385695,81882,1022,10970,481,4270,10135,5798,8103,1005,7823,19074,93031,423806,22538,401262,312129,61653,790,9060,433,2722,4282,4922,4445,769,6479,13501,66719
2,538822,38518,500304,410464,54376,1316,9811,399,3625,8550,5689,5613,553,7560,15423,63470,424373,24994,399385,332670,43099,1160,7930,356,2852,3023,4725,3194,433,6320,11128,46540
3,534284,37234,497050,324122,146619,823,7663,281,1863,7644,4109,2645,1281,6213,10308,155544,431599,26814,404785,270721,115834,711,6323,276,1216,3483,3517,1625,1079,5307,7948,120396
4,540511,56740,483810,366782,71099,430,24742,474,3464,6879,3136,6382,547,4110,31115,78524,424046,40306,383775,298336,53913,389,19367,451,2014,2719,2489,3791,310,3217,23157,56999
5,526884,53164,473681,216566,218856,503,15670,297,3281,11197,2124,3540,1522,4152,19219,231576,402971,34558,368378,182447,160665,383,12231,251,1721,5589,1678,2194,1215,3247,14426,167412
6,539506,51218,488267,379413,73888,411,12909,420,2368,8437,5046,4948,613,6050,17865,82914,423037,37488,385534,306295,56501,299,10196,296,1536,3258,3948,2889,540,4778,13097,60287
7,570988,51019,520010,447031,42623,380,13281,193,1334,6652,3252,4521,670,4299,17802,49946,458581,36015,422570,370255,33029,311,9851,106,710,2643,2742,2430,412,3464,12282,36078
8,548809,84422,464346,382689,59235,897,8321,262,823,6879,2810,2283,213,3923,10604,66327,448091,61345,386742,325991,45426,815,6696,210,667,3122,2319,1446,127,3262,8141,48682
9,542033,76953,465101,360503,77086,636,10913,343,1405,7451,3358,2717,503,4517,13622,85064,439849,55654,384210,307284,57528,492,9151,201,1043,3782,2764,1389,352,3617,10528,61674
10,516602,113599,403006,307756,58228,455,21183,289,2241,6397,2084,4088,284,2822,25275,64900,409840,84838,325004,254878,45196,376,16052,170,1369,2864,1725,2176,183,2284,18231,48231
11,556404,55544,500869,456343,22971,1083,6300,397,2305,5470,3028,2493,476,4587,8793,28919,475700,41621,434091,399990,19099,849,5307,237,1420,2571,2629,1502,490,3967,6808,22160
12,546449,154482,392111,283201,84819,503,8535,386,1470,8303,2406,1972,450,3337,10502,93552,424850,105818,319134,241390,61752,452,6961,273,1034,3676,1991,1267,380,2802,8227,65788
13,534256,91405,442847,352930,51922,426,21588,534,1905,6291,2873,3866,510,3809,25454,58723,419648,64621,355022,291261,39471,370,15949,362,960,2062,2333,1979,273,2976,17928,41806
14,495974,151220,344777,270142,35943,403,21505,355,1939,7488,1751,4711,531,2725,26222,44004,394081,114458,279653,224099,29244,394,16290,288,1174,3678,1525,2623,340,2313,18917,33297
15,475008,111828,363175,148996,183978,564,17101,621,2437,4801,1184,2518,973,2721,19614,189765,356976,77250,279728,125231,131796,481,14096,480,1472,2656,919,1793,829,2229,15885,135293
16,504238,109626,394559,199391,164504,396,10419,374,2784,10116,1800,3451,1172,3334,13871,175785,393370,77967,315357,173556,121765,319,8454,364,1690,4455,1517,2196,932,2719,10648,127129
17,495940,193509,302446,216104,46751,280,24021,335,2802,5392,2026,4323,439,2746,28345,52579,397959,145438,252529,185039,37265,275,19806,287,1605,3252,1701,2880,441,2417,22687,40958
18,523092,55714,467404,394221,33607,637,22321,438,1374,7669,2817,3616,731,4182,25935,41984,442352,41072,401270,347633,25185,566,18470,327,841,3401,2399,1837,637,3602,20306,29222
19,545635,66146,479489,396316,50431,485,12083,361,3119,8218,2972,5266,245,3702,17349,58893,446235,48601,397634,336605,38877,398,10062,295,1866,3997,2386,2903,249,3033,12965,43122
20,539866,96105,443776,357075,58021,334,12063,344,2367,7629,2643,3320,182,3153,15375,65815,423939,61374,362575,300253,43233,333,9586,192,1315,3616,1987,1999,184,2497,11575,47027
21,523352,64496,458834,408871,25856,298,10408,300,1143,5982,2215,3216,541,3034,13622,32372,431532,44665,386891,350912,19621,251,8168,245,798,2776,1765,1869,497,2497,10039,22892
22,532290,51795,480502,435652,22809,603,10009,238,881,4848,2164,3142,125,2892,13151,27781,455196,36882,418327,385693,17150,507,8161,205,612,2210,1968,1657,137,2612,9818,19496
23,550549,128119,422425,320536,60930,484,22321,441,3095,7656,2785,3843,304,3596,26169,68901,422672,87502,335137,260730,47078,437,16289,364,1874,3433,2289,2352,262,3007,18649,50771
24,458378,131054,327336,179795,126043,423,9854,224,1789,5896,1213,1516,763,2399,11370,132708,354208,88564,265655,160974,89874,318,7908,195,1095,2812,1015,955,634,1967,8863,93325
25,487064,258996,228059,147743,52231,208,16638,441,2893,3722,1739,2287,135,2082,18925,56087,370016,189097,180912,120920,39084,193,13746,390,1577,1906,1389,1550,127,1709,15296,41117
26,507843,80546,427208,318853,83216,279,13259,123,1872,4558,1439,2738,657,2376,16014,88408,418456,58538,359851,280856,60560,252,10679,102,1508,2450,1230,1539,526,2008,12244,63551
27,543459,97935,445403,378986,45721,428,7134,146,1676,5336,3015,2719,308,3773,9858,51413,437860,64611,373201,323894,35213,424,5999,179,1238,2439,2359,1252,287,3091,7252,37907
28,509979,131250,378703,320303,41970,839,6401,196,1275,3493,1623,2356,246,2708,8757,45709,410754,85757,324942,284874,28182,717,5385,200,732,2036,1144,1475,196,2057,6860,30414
29,531388,89890,441502,346366,73163,1487,7284,87,1165,6913,2490,1830,732,4709,9114,80809,435605,62069,373537,303789,54561,1232,6069,83,911,3090,2166,1054,595,3993,7123,58246
30,480710,109952,370750,233604,105002,487,17110,130,3082,6750,1402,3007,253,2158,20100,111947,368890,82022,286870,189200,76444,384,12929,80,1840,3389,960,1568,209,1554,14470,79933
31,532641,91889,440825,360466,55708,291,11406,438,1994,4616,2116,3471,288,2694,14877,60627,430330,63661,366713,307700,41785,302,9171,292,1124,2686,1632,1823,161,2094,10994,44612
32,475878,103409,372493,120126,225989,481,13681,252,2330,6049,1052,1655,946,2477,15284,233024,364505,79227,285308,104138,161132,308,11463,260,1740,3557,958,983,739,2002,12446,165521
33,511529,87483,424049,373545,32115,296,7581,161,1049,4759,2037,2152,355,2688,9733,37201,430927,60671,370257,332693,24411,273,6455,145,829,2273,1751,1102,201,2225,7557,26937
34,445697,146426,299326,57421,230031,502,5287,49,980,2943,426,1288,420,1348,6574,233425,332569,111477,221138,41932,169708,409,4574,59,717,2134,325,896,396,1130,5469,172262
35,477018,201545,275451,139613,98495,860,24903,113,2620,5012,888,2514,382,2148,27421,103897,366919,152915,213981,112294,75094,671,18611,77,1954,2784,775,1348,347,1797,19960,78233
36,384277,286583,97678,68045,17769,566,6492,107,793,1955,441,1470,76,1083,7969,19753,315708,236019,79659,54473,15682,425,5676,101,641,1369,403,874,58,886,6551,17085
37,450443,133902,316551,228725,68585,576,8162,656,1819,4338,828,2417,358,1730,10627,73300,365822,103551,262275,195416,52037,504,7029,584,1228,2631,797,1673,307,1607,8702,54989
38,471057,293333,177704,100306,58828,180,9049,110,2693,3383,829,2111,194,1200,11170,62412,355296,223887,131390,74576,43670,183,7140,114,1746,2017,605,1180,151,951,8324,45837
39,385252,336430,48773,27699,15780,201,3270,118,705,442,269,215,59,529,3479,16282,303418,269242,34157,17022,12892,185,2650,124,551,269,255,119,72,512,2769,13227
40,453216,306285,146957,101111,33585,453,6542,227,1165,1877,889,1085,45,1390,7617,35507,352634,239790,112864,79545,24134,425,5217,201,684,1162,709,760,38,1160,5973,25335
